Name,Address,Courtlink
Bradley Beach Recreation Center,"39 Main St, Bradley Beach, NJ, 07720, USA",https://www.pickleheads.com/courts/us/new-jersey/bradley-beach/bradley-beach-recreation-center
Brielle Sports Club,"629 Higgins Avenue, Brielle, NJ, USA",https://www.pickleheads.com/courts/us/new-jersey/brielle/brielle-sports-club
Atlantic Club Pickleball Center,"1904 Atlantic Ave, Manasquan, NJ 08736, USA",https://www.pickleheads.com/courts/us/new-jersey/manasquan/atlantic-club-pickleball-center
Asylum Sports Center,"2512 Tiltons Corner Road, Wall Township, NJ, USA",https://www.pickleheads.com/courts/us/new-jersey/wall/asylum-sports-center
Beaver Dam Creek County Park,"3430 Bridge Ave, Point Pleasant Boro, NJ, 08742, USA",https://www.pickleheads.com/courts/us/new-jersey/point-pleasant-beach/beaver-dam-creek-county-park
Jacobsen Park,"122 Vance Ave, Lavallette, NJ, 08735, USA",https://www.pickleheads.com/courts/us/new-jersey/lavallette/jacobsen-park
Brick Township Civic Plaza Gym,"214 Chambers Bridge Rd, Brick, NJ, 08723, USA",https://www.pickleheads.com/courts/us/new-jersey/brick/brick-township-civic-plaza-gym
Supreme Courts Pickleball,"935 Fischer Blvd, Toms River, NJ 08753, USA",https://www.pickleheads.com/courts/us/new-jersey/toms-river/supreme-courts-pickleball
Angela Hibbard Park,"600 Drum Point Rd, Brick, NJ, 08723, USA",https://www.pickleheads.com/courts/us/new-jersey/brick/angela-hibbard-park
Maclearie Park,"Maclearie Park, 905 NJ-35, Belmar, NJ 07719, USA",https://www.pickleheads.com/courts/us/new-jersey/belmar/maclearie-park
Bay Head Centennial Park,"196 Park Ave, Bay Head, NJ, USA",https://www.pickleheads.com/courts/us/new-jersey/bay-head/bay-head-centennial-park
Pickleball Kingdom Toms River,"Toms River, NJ, USA",https://www.pickleheads.com/courts/us/new-jersey/toms-river/pickleball-kingdom-toms-river
Michael J Tighe Park,"65 Georgia Rd, Freehold, NJ, 07728, USA",https://www.pickleheads.com/courts/us/new-jersey/freehold-township/michael-j-tighe-park
Toms River Twp Recreation Department,"1810 Warren Point Rd, Toms River, NJ 08753, USA",https://www.pickleheads.com/courts/us/new-jersey/toms-river/toms-river-twp-recreation-department
Holly Oaks Park,"511 Delpine Rd, Manchester Township, NJ 08759, USA",https://www.pickleheads.com/courts/us/new-jersey/manchester-township/holly-oaks-park
Pine park,"1550 W County Line Rd, Lakewood, NJ 08701, USA",https://www.pickleheads.com/courts/us/new-jersey/lakewood/pine-park
Bey Lea Park,"570 Bay Ave 1842065676452, Toms River, NJ, 08753, USA",https://www.pickleheads.com/courts/us/new-jersey/toms-river/bey-lea-park
Ocean Road Park,"1101 Ocean Rd, Spring Lake, NJ, 07762, USA",https://www.pickleheads.com/courts/us/new-jersey/spring-lake/ocean-road-park
Belmar Recreation Gym,"601 Main St, Belmar, NJ, 07719, USA",https://www.pickleheads.com/courts/us/new-jersey/belmar/belmar-recreation-gym
Marucci Memorial Park,"3rd Ave & South Boulevard, Spring Lake, NJ, USA",https://www.pickleheads.com/courts/us/new-jersey/spring-lake/marucci-memorial-park
Farmingdale,"1151 State Route 33, Farmingdale, NJ 07727",https://www.pickleheads.com/courts/us/new-jersey/farmingdale/farmingdale
Deerwood Park,"2740 Lakewood-Allenwood Rd, Howell Township, NJ, USA",https://www.pickleheads.com/courts/us/new-jersey/howell-township/deerwood-park
The Serve Center,"1528 Church Road, Toms River, NJ, USA",https://www.pickleheads.com/courts/us/new-jersey/toms-river/the-serve-center
Oak Glen Park,"300 Preventorium Rd, Howell Township, NJ 07731, USA",https://www.pickleheads.com/courts/us/new-jersey/howell-township/oak-glen-park
Whispering Pines Park,"8 Bakoua Court, Toms River, NJ, USA",https://www.pickleheads.com/courts/us/new-jersey/toms-river/whispering-pines-park
Point Pleasant Recreation Park,"1001 River Ave, Point Pleasant Boro, NJ, 08742, USA",https://www.pickleheads.com/courts/us/new-jersey/point-pleasant-beach/point-pleasant-recreation-park
Chadwick Beach Tennis Courts,"35/Strickland Blvd, Lavallette, NJ 08735, USA",https://www.pickleheads.com/courts/us/new-jersey/toms-river/chadwick-beach-tennis-courts
